{"cameraMode":{"drawMode":0,"name":"Shaded","section":"Shading Mode"},"sceneLighting":false,"audioPlay":false,"sceneViewState":{"m_AlwaysRefresh":false,"showFog":true,"showSkybox":false,"showFlares":true,"showImageEffects":true,"showParticleSystems":true,"showVisualEffectGraphs":true,"m_FxEnabled":true},"in2DMode":false,"pivot":{"x":-1.9700000286102296,"y":1.4600000381469727,"z":-2.049999952316284},"rotation":{"x":0.14116442203521729,"y":0.8579533100128174,"z":-0.36964374780654909,"w":0.32764726877212527},"size":2.2140092849731447,"orthographic":false}