{"cameraMode":{"drawMode":0,"name":"Shaded","section":"Shading Mode"},"sceneLighting":false,"audioPlay":false,"sceneViewState":{"m_AlwaysRefresh":false,"showFog":true,"showSkybox":false,"showFlares":true,"showImageEffects":true,"showParticleSystems":true,"showVisualEffectGraphs":true,"m_FxEnabled":true},"in2DMode":false,"pivot":{"x":0.06299158930778504,"y":0.06379187107086182,"z":-0.04210817813873291},"rotation":{"x":-0.013157003559172154,"y":0.9711122512817383,"z":-0.2317986637353897,"w":-0.05512029677629471},"size":0.8860334157943726,"orthographic":false}