{"cameraMode":{"drawMode":0,"name":"Shaded","section":"Shading Mode"},"sceneLighting":true,"audioPlay":false,"sceneViewState":{"showFog":true,"showMaterialUpdate":false,"showSkybox":false,"showFlares":true,"showImageEffects":true,"showParticleSystems":true},"in2DMode":false,"pivot":{"x":-0.53955078125,"y":0.3949728012084961,"z":-1.173980712890625},"rotation":{"x":-0.12160108238458634,"y":-0.3236101567745209,"z":0.04197835549712181,"w":-0.9374105334281921},"size":4866.62744140625,"orthographic":false}